Year,Sex,Age,Value
0,0,0,408277.0
0,0,1,384884.0
0,0,2,368356.0
0,0,3,354733.0
0,0,4,341546.0
0,0,5,329722.0
0,0,6,318901.0
0,0,7,307886.0
0,0,8,297158.0
0,0,9,287065.0
0,0,10,275786.0
0,0,11,268281.0
0,0,12,264623.0
0,0,13,257735.0
0,0,14,249619.0
0,1,0,420220.66870960145
0,1,1,395044.05340243375
0,1,2,378139.95294166886
0,1,3,364161.68965114455
0,1,4,350655.1073922764
0,1,5,337979.6303082489
0,1,6,325632.0679942956
0,1,7,312543.7210015395
0,1,8,299392.101566548
0,1,9,286584.0774062709
0,1,10,270835.7910202747
0,1,11,256497.89868652704
0,1,12,244563.01535428487
0,1,13,229003.28956859733
0,1,14,213069.53350576194
0,2,0,12.331290398576188
0,2,1,45.94659756625563
0,2,2,98.04705833111821
0,2,3,166.31034885542778
0,2,4,247.89260772357633
0,2,5,790.3696917511081
0,2,6,2097.9320057044088
0,2,7,3960.278998460498
0,2,8,6191.8984334519955
0,2,9,8634.922593729101
0,2,10,12706.208979725314
0,2,11,19323.101313472947
0,2,12,27553.98464571512
0,2,13,35720.71043140265
0,2,14,43025.46649423807
1,0,0,418524.64951583627
1,0,1,393806.34448361
1,0,2,378553.09772280004
1,0,3,363693.88818075997
1,0,4,350813.06764693
1,0,5,337836.13863736
1,0,6,326035.41957022
1,0,7,315255.87384313
1,0,8,304323.5627269
1,0,9,293831.61622856
1,0,10,284043.2962115
1,0,11,273133.21343896
1,0,12,266119.09818039
1,0,13,263002.40205141
1,0,14,256629.2668507
1,1,0,431863.5620873958
1,1,1,404242.72349435836
1,1,2,388594.0154752955
1,1,3,373321.8530636779
1,1,4,360102.9094678998
1,1,5,346383.70602023083
1,1,6,333007.13216894027
1,1,7,320175.1904728842
1,1,8,306832.925842246
1,1,9,293763.7148555736
1,1,10,279580.9573415363
1,1,11,261837.59889044755
1,1,12,246763.01929500763
1,1,13,235023.21702480814
1,1,14,220587.39637372576
1,2,0,12.672948746229858
1,2,1,47.0164721516803
1,2,2,100.75766870449432
1,2,3,170.49373776207128
1,2,4,254.57165002014978
1,2,5,810.0227303791288
1,2,6,2145.4469303597475
1,2,7,4056.978264015764
1,2,8,6345.786354793986
1,2,9,8851.24868618636
1,2,10,13116.486773593728
1,2,11,19725.36413337241
1,2,12,27801.850721112383
1,2,13,36659.71914995184
1,2,14,44543.56038411421
2,0,0,425957.2027175553
2,0,1,403956.1098454663
2,0,2,387469.8499118654
2,0,3,373766.3286105468
2,0,4,359538.0561056818
2,0,5,346738.00636509765
2,0,6,333690.5301028665
2,0,7,321876.7850559623
2,0,8,311154.2345672774
2,0,9,300479.49720069463
2,0,10,290338.6710009581
2,0,11,280978.2613998162
2,0,12,270658.6587754788
2,0,13,264297.81587734696
2,0,14,261790.88326868054
2,1,0,439725.35363909643
2,1,1,415707.73195847525
2,1,2,397767.5901965196
2,1,3,383640.79022196797
2,1,4,369026.9408128441
2,1,5,355461.04380872555
2,1,6,340936.3654157477
2,1,7,327024.68875588296
2,1,8,313917.48665220226
2,1,9,300695.83465291956
2,1,10,286277.9382789574
2,1,11,270078.1471019125
2,1,12,251792.18455677695
2,1,13,237167.5844284097
2,1,14,226543.0255140985
2,2,0,12.940199590242262
2,2,1,48.45312886071816
2,2,2,103.30001580697999
2,2,3,175.42634539999014
2,2,4,261.15116896886923
2,2,5,834.2360358145725
2,2,6,2203.852804827819
2,2,7,4154.041062309576
2,2,8,6504.298586951263
2,2,9,9072.682934659762
2,2,10,13445.719574128656
2,2,11,20363.030763060517
2,2,12,28382.57404810496
2,2,13,37001.60384684514
2,2,14,45742.92228511341
3,0,0,433377.12788225786
3,0,1,411446.0983583678
3,0,2,397667.823476379
3,0,3,382664.1862943772
3,0,4,369501.11704192683
3,0,5,355284.79504480754
3,0,6,342354.45270409127
3,0,7,329264.4959905997
3,0,8,317495.75420896057
3,0,9,307039.96771918016
3,0,10,296739.2423947686
3,0,11,287060.9783645557
3,0,12,278336.34373036807
3,0,13,268732.59187415836
3,0,14,263041.7260837734
3,1,0,447488.5158144049
3,1,1,423588.491661538
3,1,2,409243.72863297287
3,1,3,392780.9982249293
3,1,4,379228.69529625634
3,1,5,364194.7684229847
3,1,6,349749.9316372186
3,1,7,334657.6706738689
3,1,8,320464.85351510084
3,1,9,307489.26997232664
3,1,10,292914.8700911778
3,1,11,276470.8717978075
3,1,12,259697.50909671097
3,1,13,242032.87638021537
3,1,14,228709.0060978542
3,2,0,13.19824328224917
3,2,1,49.489037136859785
3,2,2,106.5109210059026
3,2,3,179.93635870483695
3,2,4,268.79211300164644
3,2,5,855.3266938279806
3,2,6,2264.2266373244215
3,2,7,4258.688240489455
3,2,8,6650.463954413653
3,2,9,9289.67798937798
3,2,10,13767.547570962292
3,2,11,20853.808320756234
3,2,12,29281.779353746904
3,2,13,37764.719867969354
3,2,14,46177.24515961674
4,0,0,437455.14267938846
4,0,1,419029.14870559215
4,0,2,405372.3957839289
4,0,3,393017.7097588004
4,0,4,378580.4488506232
4,0,5,365460.3668652592
4,0,6,351154.0539998772
4,0,7,338198.88652057596
4,0,8,325163.8983866191
4,0,9,313650.4211446372
4,0,10,303544.5427985854
4,0,11,293673.6074592021
4,0,12,284584.95095752366
4,0,13,276521.5895868888
4,0,14,267543.37491619313
4,1,0,451635.54706600436
4,1,1,431466.90387560904
4,1,2,417294.80016585183
4,1,3,404373.4833019959
4,1,4,388527.9532177488
4,1,5,374573.44980136264
4,1,6,358680.29223770497
4,1,7,343662.49876163923
4,1,8,328283.34637050633
4,1,9,314199.26021244377
4,1,10,299782.67658300773
4,1,11,283066.1281630275
4,1,12,265942.8592987664
4,1,13,249631.87414204102
4,1,14,233312.7932120444
4,2,0,13.372583936421849
4,2,1,50.58306830728239
4,2,2,108.94853165969319
4,2,3,185.7723313550355
4,2,4,276.0655389303531
4,2,5,879.5126472264816
4,2,6,2320.4401032313144
4,2,7,4373.393239012662
4,2,8,6816.483904017529
4,2,9,9498.780459889418
4,2,10,14097.127946381343
4,2,11,21354.81656840105
4,2,12,29988.134839702994
4,2,13,38953.01635133552
4,2,14,47107.58346087644
5,0,0,442054.47499833774
5,0,1,423360.52511046047
5,0,2,413124.850943001
5,0,3,400824.49266918085
5,0,4,388979.4154933006
5,0,5,374571.1746251212
5,0,6,361343.0666797333
5,0,7,347009.0897976658
5,0,8,334103.1533626733
5,0,9,321323.17079622333
5,0,10,310160.5972722487
5,0,11,300483.8199989905
5,0,12,291202.8085449384
5,0,13,282776.2234192853
5,0,14,275335.7509186131
5,1,0,456394.65448053816
5,1,1,435842.7191518276
5,1,2,425316.801600461
5,1,3,412510.36426744075
5,1,4,400147.3370222429
5,1,5,383884.3452499296
5,1,6,369028.48208800994
5,1,7,352549.0320508387
5,1,8,337224.49953803513
5,1,9,321953.444094872
5,1,10,306391.2625356907
5,1,11,289754.38876809785
5,1,12,272317.3472409402
5,1,13,255643.1966578707
5,1,14,240617.16000452358
5,2,0,13.60047965385139
5,2,1,51.388986448332844
5,2,2,111.59720953502952
5,2,3,190.353164413098
5,2,4,285.45066070598773
5,2,5,901.4533332939388
5,2,6,2384.6615636124275
5,2,7,4481.186676500437
5,2,8,6998.036340926284
5,2,9,9732.827180843306
5,2,10,14412.219119272007
5,2,11,21867.19649271261
5,2,12,30713.73833912031
5,2,13,39897.90146297588
5,2,14,48590.40027412524
6,0,0,444260.49817819824
6,0,1,428372.31509444385
6,0,2,417884.1452024196
6,0,3,409033.48351554846
6,0,4,397413.39522205316
6,0,5,385800.9230206912
6,0,6,371470.23859815206
6,0,7,358312.90618212376
6,0,8,344071.2369794816
6,0,9,331368.7990337929
6,0,10,318843.84502379916
6,0,11,307976.71817668935
6,0,12,298694.55487612437
6,0,13,289851.1474514927
6,0,14,281833.42672270077
6,1,0,458793.00505495106
6,1,1,440996.30081283743
6,1,2,430088.1729507399
6,1,3,420951.0393898927
6,1,4,408862.9863617776
6,1,5,396254.1586863321
6,1,6,379240.5784560436
6,1,7,363840.54927345493
6,1,8,347054.51569643774
6,1,9,331721.7697940654
6,1,10,314771.2006180606
6,1,11,296729.1139098823
6,1,12,279039.2586498339
6,1,13,261727.83096979954
6,1,14,246053.17470184818
6,2,0,13.762361638057977
6,2,1,52.33438039554472
6,2,2,113.53807787718303
6,2,3,195.3273121015272
6,2,4,293.1442619010575
6,2,5,930.7588284689604
6,2,6,2447.4308633028777
6,2,7,4617.149763479531
6,2,8,7191.17837766457
6,2,9,10018.427252658406
6,2,10,14800.381742756601
6,2,11,22392.843022926245
6,2,12,31476.73838167614
6,2,13,40854.88344294291
6,2,14,49700.37855217507
7,0,0,445622.0779735224
7,0,1,430506.2819720973
7,0,2,422556.53359268163
7,0,3,412911.7049246458
7,0,4,403987.4125589694
7,0,5,391809.59648274444
7,0,6,379639.02946877223
7,0,7,365028.7486097144
7,0,8,351815.5537139913
7,0,9,337927.4015932393
7,0,10,325777.50069258566
7,0,11,313966.4336451148
7,0,12,304103.4534336344
7,0,13,295956.76619993866
7,0,14,288191.86121519544
7,1,0,461265.42994795885
7,1,1,443269.7967061302
7,1,2,434903.95233490685
7,1,3,424873.19831256935
7,1,4,415743.2430836145
7,1,5,402659.8738633545
7,1,6,388703.34761969565
7,1,7,370889.04883709963
7,1,8,355132.30678098305
7,1,9,338649.920930864
7,1,10,322066.6232485341
7,1,11,303225.0007531003
7,1,12,284994.2108003671
7,1,13,268370.9194248669
7,1,14,252995.9342793324
7,2,0,13.922432434793135
7,2,1,52.934555637385344
7,2,2,115.53154633961383
7,2,3,198.34849740213025
7,2,4,299.7836683684982
7,2,5,949.5167097896236
7,2,6,2513.560807557751
7,2,7,4709.942347073937
7,2,8,7358.645884329962
7,2,9,10224.850433004267
7,2,10,15143.857822724452
7,2,11,22888.360751546294
7,2,12,32156.02256353944
7,2,13,41898.03758018576
7,2,14,51100.80738267523
8,0,0,449947.84829862457
8,0,1,432296.44203346886
8,0,2,424983.56535124424
8,0,3,417783.7465393982
8,0,4,408043.79866503534
8,0,5,398547.550790195
8,0,6,385819.2010020806
8,0,7,373366.0568870833
8,0,8,358701.1064843638
8,0,9,345829.34161899827
8,0,10,332481.9427728148
8,0,11,321025.6019356532
8,0,12,310193.87938944745
8,0,13,301438.4310582799
8,0,14,294340.5004448895
8,1,0,465258.54044990963
8,1,1,446139.18465603836
8,1,2,437451.61646786565
8,1,3,429878.7941099364
8,1,4,419838.0680068399
8,1,5,409683.36473932664
8,1,6,395238.18044355384
8,1,7,380435.92240820243
8,1,8,362264.3649582888
8,1,9,346772.19871262513
8,1,10,328978.1004450774
8,1,11,310390.5616391
8,1,12,291301.8292825839
8,1,13,274100.67748163786
8,1,14,259355.16278926953
8,2,0,14.097760439831198
8,2,1,53.516296741414536
8,2,2,116.78634546148831
8,2,3,201.74173630650648
8,2,4,304.34849096456037
8,2,5,971.1515662107628
8,2,6,2567.608182538082
8,2,7,4847.534513338336
8,2,8,7522.838294588028
8,2,9,10483.859373351006
8,2,10,15482.661852056919
8,2,11,23448.116118424692
8,2,12,32887.3221775967
8,2,13,42804.93111513907
8,2,14,52381.578554611224
9,0,0,458329.8894564928
9,0,1,437114.32132784306
9,0,2,427151.3741144617
9,0,3,420542.1676734065
9,0,4,413261.69653028017
9,0,5,403017.7619635175
9,0,6,393021.8189642343
9,0,7,380045.7988335273
9,0,8,367544.63578974805
9,0,9,353198.4982510734
9,0,10,340821.63399129483
9,0,11,328111.21155738004
9,0,12,317549.97184620425
9,0,13,307730.73758906004
9,0,14,299932.7473576402
9,1,0,474038.9350744098
9,1,1,450833.30922379537
9,1,2,440663.47550111066
9,1,3,432731.17873891315
9,1,4,425159.1241422394
9,1,5,414152.96197573724
9,1,6,402654.0578062358
9,1,7,387373.0215297651
9,1,8,372168.0740590813
9,1,9,354228.73601589695
9,1,10,337291.0054228531
9,1,11,317356.1216694379
9,1,12,298345.1676583979
9,1,13,280159.25119380665
9,1,14,264725.0748972782
9,2,0,14.353184908387778
9,2,1,54.10327077088074
9,2,2,117.83439622577156
9,2,3,203.59233012289965
9,2,4,309.1787307916897
9,2,5,983.9268593790551
9,2,6,2622.427220561788
9,2,7,4949.830783425766
9,2,8,7747.1756846095395
9,2,9,10727.949374918257
9,2,10,15886.225043990038
9,2,11,23982.201295508577
9,2,12,33694.56335718114
9,2,13,43766.40014877791
9,2,14,53479.863732591206
10,0,0,466431.6924749628
10,0,1,446068.4860286848
10,0,2,432245.2975759095
10,0,3,422939.2634401247
10,0,4,416220.0598056795
10,0,5,408427.17243690306
10,0,6,397694.331854008
10,0,7,387448.65685695165
10,0,8,374424.960776109
10,0,9,362226.4933611219
10,0,10,348359.3327991563
10,0,11,336595.98104650807
10,0,12,324750.67641082767
10,0,13,315166.1321815796
10,0,14,306272.574553858
10,1,0,482392.73117682856
10,1,1,460185.71935393044
10,1,2,445620.3957733081
10,1,3,436154.97823144705
10,1,4,428200.73962137307
10,1,5,419642.6381110191
10,1,6,407287.77170863963
10,1,7,394917.23184644803
10,1,8,379217.7145345342
10,1,9,364184.9715374588
10,1,10,344753.730110617
10,1,11,325545.1457855295
10,1,12,305131.6954161521
10,1,13,286943.0859615434
10,1,14,270507.4251113064
10,2,0,14.542880736264596
10,2,1,55.03949706262611
10,2,2,118.90896368410671
10,2,3,205.02839106090434
10,2,4,311.45474167548946
10,2,5,999.0662076533935
10,2,6,2658.4499605454416
10,2,7,5058.100809882663
10,2,8,7913.662206616152
10,2,9,11053.847855966993
10,2,10,16256.469363678341
10,2,11,24606.488360684067
10,2,12,34459.84742687417
10,2,13,44831.33836130625
10,2,14,54662.76262722398
11,0,0,473815.7979224673
11,0,1,459026.2799785429
11,0,2,447549.4013066379
11,0,3,435548.3010426466
11,0,4,425837.3914278831
11,0,5,416213.83362215204
11,0,6,404126.92169323965
11,0,7,389035.44304426713
11,0,8,376063.2373845536
11,0,9,362527.1431788068
11,0,10,352996.73299752345
11,0,11,343739.0004056116
11,0,12,336906.1405835801
11,0,13,329927.079516031
11,0,14,323876.979914372
11,1,0,486637.94396000734
11,1,1,473575.1474314776
11,1,2,461609.71848750993
11,1,3,449000.05993579514
11,1,4,439268.43350233353
11,1,5,428021.21496328065
11,1,6,414121.80368977424
11,1,7,396716.0977092399
11,1,8,381211.2273024531
11,1,9,364704.8880320427
11,1,10,349999.0779318379
11,1,11,331412.91414077126
11,1,12,314303.98571437015
11,1,13,296883.9306602679
11,1,14,281197.00967386155
11,2,0,14.499292273396446
11,2,1,56.091845648844696
11,2,2,122.22254705323704
11,2,3,209.80452538587207
11,2,4,318.10258763170503
11,2,5,1021.7894018608516
11,2,6,2714.179768760709
11,2,7,5099.744084882124
11,2,8,7981.352324143642
11,2,9,11102.93327358683
11,2,10,16533.853442465945
11,2,11,25062.390922926934
11,2,12,35485.21632084042
11,2,13,46359.91108496306
11,2,14,56799.47819385424
12,0,0,492859.78981024935
12,0,1,468248.67501011177
12,0,2,462393.8972663875
12,0,3,452846.53542267927
12,0,4,440031.2712249196
12,0,5,426305.0266315291
12,0,6,410889.7129370074
12,0,7,392965.2180540695
12,0,8,374229.1301414227
12,0,9,360545.4086591347
12,0,10,350514.2970448004
12,0,11,347054.9682743862
12,0,12,344301.50406293257
12,0,13,343888.7986986598
12,0,14,341576.7230442395
12,1,0,505736.12864874204
12,1,1,479820.4957686529
12,1,2,476978.17203071655
12,1,3,467105.70494542737
12,1,4,453861.1498286956
12,1,5,439758.8952487024
12,1,6,421640.18393002875
12,1,7,401230.3657839166
12,1,8,379855.2181835528
12,1,9,363364.4104978591
12,1,10,348024.2277559694
12,1,11,335317.86208527186
12,1,12,320015.7050588973
12,1,13,306877.1160874579
12,1,14,292590.2743970739
12,2,0,14.935866626080548
12,2,1,56.29524828565453
12,2,2,125.14831070810635
12,2,3,216.51576878114446
12,2,4,326.44521901911196
12,2,5,1049.5179235496416
12,2,6,2770.7112797491177
12,2,7,5175.299402413252
12,2,8,7978.660659768423
12,2,9,11095.165685397686
12,2,10,16487.73307639323
12,2,11,25409.129510711926
12,2,12,36160.619611169095
12,2,13,47914.000757521535
12,2,14,59055.7948472542
13,0,0,509872.3664305075
13,0,1,490143.37006118125
13,0,2,475533.7118442145
13,0,3,471918.3035509463
13,0,4,460670.30312776635
13,0,5,441433.2955556712
13,0,6,418663.65363519377
13,0,7,394195.49585135584
13,0,8,370615.30239621754
13,0,9,350748.97498069063
13,0,10,342402.97019022546
13,0,11,341654.56841535034
13,0,12,348142.99610575376
13,0,13,355218.1805189825
13,0,14,361951.3773142734
13,1,0,521975.4938723998
13,1,1,501856.5539246411
13,1,2,487404.5782514143
13,1,3,487008.35319448233
13,1,4,475692.4992759834
13,1,5,455767.48440505454
13,1,6,431480.90132204257
13,1,7,403698.34584359464
13,1,8,377438.7699457295
13,1,9,354757.11537058087
13,1,10,341242.9397016922
13,1,11,330743.0025547207
13,1,12,323833.8095270591
13,1,13,314876.089274402
13,1,14,306161.7279025602
13,2,0,15.395818474937794
13,2,1,58.693476502182385
13,2,2,127.25057587860073
13,2,3,224.45202533585237
13,2,4,340.2165438617957
13,2,5,1084.3107108073107
13,2,6,2832.656310500679
13,2,7,5211.465749380934
13,2,8,7942.49430279896
13,2,9,10855.879723209602
13,2,10,16225.785836459325
13,2,11,25172.853121643657
13,2,12,36718.02211612154
13,2,13,49250.89385741923
13,2,14,61798.665055601276
14,0,0,533816.1729003396
14,0,1,508499.8673717802
14,0,2,498933.0205300223
14,0,3,486726.91930029367
14,0,4,481036.1249879231
14,0,5,462435.063854454
14,0,6,432922.23095123924
14,0,7,399881.30581485096
14,0,8,368995.1134016681
14,0,9,344124.9333121076
14,0,10,330297.43638312025
14,0,11,332452.36703555327
14,0,12,342961.17723751377
14,0,13,360566.8770050568
14,0,14,375724.5966721061
14,1,0,545720.8848683126
14,1,1,519514.70708429115
14,1,2,511025.4743912338
14,1,3,499232.1405337384
14,1,4,497024.86656929436
14,1,5,478115.02270612406
14,1,6,446737.79469529126
14,1,7,411600.53613518854
14,1,8,377296.60291328124
14,1,9,349631.86585812183
14,1,10,330710.74046534114
14,1,11,323111.7143721549
14,1,12,319395.1817154029
14,1,13,319458.2945177114
14,1,14,315338.891682196
14,2,0,16.07144093769202
14,2,1,60.66724372805888
14,2,2,133.1069863510705
14,2,3,229.26998929234503
14,2,4,353.9402320753028
14,2,5,1130.217645669015
14,2,6,2916.8447041513846
14,2,7,5294.7556704505
14,2,8,7927.07176368852
14,2,9,10698.01152051959
14,2,10,15768.396990109197
14,2,11,24718.92799337692
14,2,12,36413.51956990022
14,2,13,50174.327686032266
14,2,14,63774.12549379348
15,0,0,558019.8063602309
15,0,1,536531.3716818085
15,0,2,523274.2151644071
15,0,3,516690.2432358894
15,0,4,501095.5374144314
15,0,5,484248.7901874063
15,0,6,450253.2069651337
15,0,7,405420.9491910654
15,0,8,362807.281922654
15,0,9,329969.952635591
15,0,10,314026.272448599
15,0,11,315756.8760171163
15,0,12,334594.7871405691
15,0,13,361586.59058666864
15,0,14,391176.0457648829
15,1,0,568583.5819823475
15,1,1,547475.1243640471
15,1,2,535025.4242366169
15,1,3,529872.7029824576
15,1,4,515095.674382912
15,1,5,501630.64724243706
15,1,6,466043.04757924174
15,1,7,418862.24613200506
15,1,8,374271.0590696303
15,1,9,338047.4771566664
15,1,10,317079.0876168605
15,1,11,308710.3749404746
15,1,12,312118.22338374425
15,1,13,319124.4180418737
15,1,14,325953.0578406139
15,2,0,16.594043922955077
15,2,1,63.479664526152646
15,2,2,138.58053875704047
15,2,3,242.09039410732328
15,2,4,364.82901604872563
15,2,5,1178.6567369912934
15,2,6,3024.0325950405736
15,2,7,5358.786219803791
15,2,8,7832.138187821579
15,2,9,10319.987176776092
15,2,10,15140.32237574632
15,2,11,23727.874127811923
15,2,12,35798.01185461053
15,2,13,50401.38110863861
15,2,14,66159.20813833551
16,0,0,583881.3396315082
16,0,1,555251.9439032045
16,0,2,540014.7894079429
16,0,3,527655.6752718997
16,0,4,520762.87602242996
16,0,5,503203.113456865
16,0,6,483574.9713555931
16,0,7,447223.98923616635
16,0,8,399778.33573861996
16,0,9,355865.3694266196
16,0,10,322438.9588728444
16,0,11,308773.7922134141
16,0,12,312646.92656993173
16,0,13,334061.87333450065
16,0,14,363568.5710827954
16,1,0,601987.0694346157
16,1,1,564900.306816163
16,1,2,550848.908095423
16,1,3,539243.1476721001
16,1,4,533697.4343350179
16,1,5,516165.4281999978
16,1,6,498990.7936839509
16,1,7,460135.82202994253
16,1,8,410138.0241927721
16,1,9,364264.30473287153
16,1,10,325606.42857488047
16,1,11,303669.06937724666
16,1,12,295340.77005339216
16,1,13,299727.3099907178
16,1,14,308541.2728516429
16,2,0,17.642257218475866
16,2,1,65.53740472767639
16,2,2,142.49277156554575
16,2,3,245.9083992524755
16,2,4,377.09031635685767
16,2,5,1187.423894101699
16,2,6,3169.5701412403437
16,2,7,5786.453917816028
16,2,8,8467.565158020238
16,2,9,11009.451901345477
16,2,10,15486.207784656692
16,2,11,23381.63008834251
16,2,12,34048.72470110217
16,2,13,47656.6384379541
16,2,14,63044.401847356596
17,0,0,599295.0270342008
17,0,1,581860.2327164599
17,0,2,559482.517256328
17,0,3,545108.743937877
17,0,4,532336.4222548046
17,0,5,523205.48066459683
17,0,6,502558.94777439313
17,0,7,480302.55650442856
17,0,8,441060.81734687503
17,0,9,392185.894680981
17,0,10,347630.6955286399
17,0,11,316713.89938401873
17,0,12,305411.3373469449
17,0,13,312127.1777395779
17,0,14,336312.2237639525
17,1,0,618067.0822571777
17,1,1,598986.7805163361
17,1,2,569016.7839402435
17,1,3,555773.375756525
17,1,4,543671.6318058248
17,1,5,535067.6905820266
17,1,6,513546.06200539146
17,1,7,492684.78136702435
17,1,8,450639.5465621554
17,1,9,399238.28655709483
17,1,10,350816.5597982823
17,1,11,311617.9721888082
17,1,12,290323.085406216
17,1,13,283637.0869666266
17,1,14,290090.14109781646
17,2,0,18.206777583627513
17,2,1,69.81958717174312
17,2,2,147.60435166441857
17,2,3,253.73064617938542
17,2,4,384.2139745328125
17,2,5,1216.2107463661496
17,2,6,3199.709299532305
17,2,7,6075.195700519356
17,2,8,9145.55083734001
17,2,9,11895.89801400336
17,2,10,16501.301368127704
17,2,11,23843.94847499967
17,2,12,33436.80019597549
17,2,13,45242.17810360119
17,2,14,59644.246310967836
18,0,0,596614.1007141292
18,0,1,598241.5387512986
18,0,2,586789.9401636841
18,0,3,565245.6331087595
18,0,4,550350.4652620928
18,0,5,535116.4766610614
18,0,6,522594.9914107425
18,0,7,499083.9127700266
18,0,8,473669.16846414644
18,0,9,432861.9147521189
18,0,10,383288.8664027794
18,0,11,341454.416998162
18,0,12,313106.5191928197
18,0,13,304896.4261349319
18,0,14,314629.2895944044
18,1,0,615461.4141590717
18,1,1,616088.0101173698
18,1,2,603759.9765334743
18,1,3,574622.3462042642
18,1,4,560767.7604892793
18,1,5,545346.8740575433
18,1,6,532379.0980003374
18,1,7,506899.32268846605
18,1,8,482423.2705794984
18,1,9,438743.3439382225
18,1,10,384660.61951039324
18,1,11,335892.1242720372
18,1,12,297982.1764730294
18,1,13,279007.36365568545
18,1,14,274986.2707801488
18,2,0,18.04640400763082
18,2,1,71.67191953892359
18,2,2,156.59557179963477
18,2,3,262.32501550470937
18,2,4,396.0990161462115
18,2,5,1257.4084460646598
18,2,6,3348.60315163625
18,2,7,6250.516114944392
18,2,8,9738.34670612735
18,2,9,12976.804129971653
18,2,10,17881.76861448075
18,2,11,25352.7155737482
18,2,12,33954.710451233834
18,2,13,44253.77604284594
18,2,14,56511.00915965712
19,0,0,588029.3926797112
19,0,1,596393.5538029221
19,0,2,603579.5650680037
19,0,3,592884.5370965737
19,0,4,570780.9243933429
19,0,5,553308.2253054975
19,0,6,534545.7985376217
19,0,7,519026.1027916063
19,0,8,492227.0602020275
19,0,9,465168.46691497514
19,0,10,423624.0622328972
19,0,11,376873.22573069774
19,0,12,337711.01601524855
19,0,13,312584.3345054816
19,0,14,307519.9095838361
19,1,0,606144.8002272561
19,1,1,614396.1144185684
19,1,2,621286.052651002
19,1,3,609659.583930081
19,1,4,579901.6951234926
19,1,5,562565.6656370686
19,1,6,542620.9254343682
19,1,7,525467.7639521438
19,1,8,496261.0383890922
19,1,9,469899.8813996637
19,1,10,423259.9762364852
19,1,11,368770.3151198712
19,1,12,321501.42246125813
19,1,13,286546.61997240485
19,1,14,270772.41803401086
19,2,0,17.97191623266716
19,2,1,71.98987874288102
19,2,2,161.99636359580342
19,2,3,279.6536553346092
19,2,4,411.24188933798155
19,2,5,1312.856474564224
19,2,6,3468.1867009676234
19,2,7,6560.406756815916
19,2,8,10069.748020101708
19,2,9,13893.90110703131
19,2,10,19532.21447629644
19,2,11,27460.447566443934
19,2,12,36082.085569130024
19,2,13,44887.76879626757
19,2,14,55239.514666137504
20,0,0,566793.1891444745
20,0,1,586662.5091314542
20,0,2,600024.5869839068
20,0,3,607857.7514554713
20,0,4,596816.9343609497
20,0,5,572823.5793303674
20,0,6,552684.8197630114
20,0,7,531650.8619053694
20,0,8,513610.5192318701
20,0,9,485561.1557804409
20,0,10,457936.64038687386
20,0,11,418577.6379701043
20,0,12,373900.964401999
20,0,13,337236.2802247452
20,0,14,314549.8029028305
20,1,0,584283.2698849549
20,1,1,603950.0902874445
20,1,2,617816.1219267923
20,1,3,625313.8484753309
20,1,4,613282.0960363344
20,1,5,580771.123954531
20,1,6,559667.649244716
20,1,7,536308.6112463388
20,1,8,516054.8270371441
20,1,9,485336.63766354555
20,1,10,455793.311434795
20,1,11,407699.08073235274
20,1,12,354065.3092131155
20,1,13,309314.2872724282
20,1,14,277502.58873049944
20,2,0,17.8802055470255
20,2,1,72.65063874146504
20,2,2,164.41235074697036
20,2,3,291.56273675851884
20,2,4,441.00073038139647
20,2,5,1365.1188734901884
20,2,6,3605.3214968861134
20,2,7,6764.6464268730815
20,2,8,10564.765374998331
20,2,9,14411.81795263287
20,2,10,20981.530254549238
20,2,11,30096.951195452293
20,2,12,39223.57289206253
20,2,13,47773.62514046817
20,2,14,55956.26099425484
21,0,0,562165.0527518762
21,0,1,560668.4232996533
21,0,2,584505.2649834126
21,0,3,598489.730240554
21,0,4,606742.4086484163
21,0,5,595952.2998176208
21,0,6,572068.5979486705
21,0,7,551967.7395692957
21,0,8,530901.1760878456
21,0,9,512854.6575261459
21,0,10,484817.95884368144
21,0,11,457335.73794555763
21,0,12,418107.03061130375
21,0,13,373581.3519694163
21,0,14,337050.28985914815
21,1,0,579837.2022966899
21,1,1,577194.8729937316
21,1,2,601345.1413352196
21,1,3,615856.9672409665
21,1,4,623788.6996505742
21,1,5,611217.8381602966
21,1,6,577524.9528972429
21,1,7,555416.0062876632
21,1,8,531296.4996808814
21,1,9,510540.642502964
21,1,10,476949.5763582176
21,1,11,443459.531445063
21,1,12,393911.50465845753
21,1,13,340776.1790912775
21,1,14,297477.8116065946
21,2,0,18.422313487083905
21,2,1,71.95483218836797
21,2,2,165.231841788311
21,2,3,295.0879048244877
21,2,4,459.1060512031853
21,2,5,1443.0156788032446
21,2,6,3720.7524452719626
21,2,7,7018.02722898329
21,2,8,10926.42032383608
21,2,9,15233.467743920233
21,2,10,21976.19466325697
21,2,11,32620.06560911853
21,2,12,43313.411277000974
21,2,13,52080.80261769118
21,2,14,59300.42565930801
22,0,0,547575.0359843913
22,0,1,557808.8724278851
22,0,2,561439.1705456532
22,0,3,586135.39919512
22,0,4,600379.0141519804
22,0,5,608162.8245228108
22,0,6,595630.5235914015
22,0,7,569323.3345705296
22,0,8,547889.4939114272
22,0,9,526065.7156969067
22,0,10,508532.7752249836
22,0,11,481758.7574698137
22,0,12,456561.91257044737
22,0,13,419446.6769366954
22,0,14,376817.31389501406
22,1,0,562798.6627766758
22,1,1,574560.1516829521
22,1,2,577728.285248584
22,1,3,602789.9856985606
22,1,4,617520.8026499036
22,1,5,624043.6514824542
22,1,6,607972.6750682002
22,1,7,570435.9826147186
22,1,8,545776.5734240332
22,1,9,520099.67289849586
22,1,10,496475.71391720435
22,1,11,459846.71177887474
22,1,12,426121.93619353866
22,1,13,378429.3788681755
22,1,14,328313.1858504836
22,2,0,18.181639974390823
22,2,1,73.195116202397
22,2,2,162.7262029032183
22,2,3,296.10749530307794
22,2,4,465.08316106094844
22,2,5,1483.283080649132
22,2,6,3917.664051027106
22,2,7,7200.831047477152
22,2,8,11229.82546242429
22,2,9,15564.201710425421
22,2,10,22980.177123148987
22,2,11,33925.93430788141
22,2,12,46843.74672721671
22,2,13,57616.25858477948
22,2,14,64979.748298151724
23,0,0,540409.7966580507
23,0,1,543802.6802999872
23,0,2,559034.005602414
23,0,3,563585.6311415499
23,0,4,588454.189677287
23,0,5,602110.6139875199
23,0,6,607874.3520103573
23,0,7,592579.2618133978
23,0,8,564766.7607180028
23,0,9,542475.3336976242
23,0,10,521229.97509180044
23,0,11,505109.82970392815
23,0,12,480910.8280156563
23,0,13,458084.312781833
23,0,14,423098.01623571315
23,1,0,555836.2047067102
23,1,1,558177.1435227981
23,1,2,575569.3530945312
23,1,3,579732.9949305519
23,1,4,604913.8575995037
23,1,5,618101.3690831152
23,1,6,620725.9826803585
23,1,7,600270.3884569273
23,1,8,560031.8684240921
23,1,9,533653.7687643433
23,1,10,505074.86187043105
23,1,11,478130.946248145
23,1,12,441469.5041917735
23,1,13,409185.33564373053
23,1,14,364500.4797047067
23,2,0,17.943831940529172
23,2,1,71.37174819271415
23,2,2,163.6386565647034
23,2,3,288.71892802523485
23,2,4,462.8309367977066
23,2,5,1483.5038227178427
23,2,6,4021.0776469879
23,2,7,7596.222277836992
23,2,8,11539.642941333534
23,2,9,16003.876640597191
23,2,10,23512.785567538776
23,2,11,35548.90852260573
23,2,12,48828.3619526979
23,2,13,62467.33161280592
23,2,14,72039.11976808234
24,0,0,533954.2992450027
24,0,1,536498.2475603436
24,0,2,544444.566203765
24,0,3,560443.0918672079
24,0,4,565222.4617747178
24,0,5,589651.9570870993
24,0,6,601704.3465913356
24,0,7,605240.8060928003
24,0,8,588741.4121631668
24,0,9,560254.6792817203
24,0,10,538443.3858677814
24,0,11,518351.35609127505
24,0,12,504315.48364683776
24,0,13,482036.4701426075
24,0,14,460923.178795339
24,1,0,549559.5431080168
24,1,1,551095.0956971126
24,1,2,558580.128294756
24,1,3,576778.0400036662
24,1,4,581140.8907196324
24,1,5,604955.0905534559
24,1,6,614717.4662975457
24,1,7,613461.9598208523
24,1,8,590528.4900590137
24,1,9,548934.4487633468
24,1,10,519492.9797274042
24,1,11,487312.2407052848
24,1,12,459518.31318470935
24,1,13,423969.7840187549
24,1,14,393802.4657710221
24,2,0,17.625839407594672
24,2,1,70.12133870908175
24,2,2,158.5392586571608
24,2,3,288.0412930957083
24,2,4,447.6972607929758
24,2,5,1467.8620379922165
24,2,6,4022.459691271185
24,2,7,7823.718760666895
24,2,8,12234.143680939054
24,2,9,16528.137929483502
24,2,10,24288.230910506598
24,2,11,36463.342826162756
24,2,12,51207.09365474222
24,2,13,65124.82918297127
24,2,14,78082.89015385059
25,0,0,531470.8808344578
25,0,1,530600.5718380332
25,0,2,537803.5002136253
25,0,3,546582.3850381557
25,0,4,562724.1196230677
25,0,5,566942.3652096547
25,0,6,589317.3941063866
25,0,7,598567.177848443
25,0,8,600567.7831733978
25,0,9,583208.7123210174
25,0,10,555315.0596393718
25,0,11,534932.0494778408
25,0,12,517427.485805306
25,0,13,505765.6718721527
25,0,14,485613.2009084149
25,1,0,546733.4069073632
25,1,1,545416.6294803867
25,1,2,552228.4554555893
25,1,3,560583.9184194108
25,1,4,578855.60431781
25,1,5,581725.5922966528
25,1,6,601566.187664317
25,1,7,606740.2523014428
25,1,8,602422.0133328713
25,1,9,577695.6918521
25,1,10,533180.5107606194
25,1,11,500296.0950972694
25,1,12,467794.66012283636
25,1,13,441131.55364469363
25,1,14,408112.43765221006
25,2,0,17.460452859342187
25,2,1,69.07743194950623
25,2,2,156.07299471403633
25,2,3,279.2769072427286
25,2,4,446.25358975858666
25,2,5,1432.4024181001917
25,2,6,4003.0699428815424
25,2,7,7853.395334747863
25,2,8,12630.863388141657
25,2,9,17552.707176836062
25,2,10,25067.630781614705
25,2,11,37589.305616697
25,2,12,52397.33347616956
25,2,13,68175.1921022344
25,2,14,81355.79139658264
26,0,0,515306.41338498134
26,0,1,527903.8429044016
26,0,2,531316.7090187964
26,0,3,539391.5031917309
26,0,4,548391.2668458204
26,0,5,564106.6785306591
26,0,6,566611.5735024029
26,0,7,586557.5453342336
26,0,8,594477.6856222544
26,0,9,595721.4793073689
26,0,10,578875.9698329421
26,0,11,552232.6890950195
26,0,12,534102.2798605022
26,0,13,518664.4711540003
26,0,14,508835.56029541796
26,1,0,530334.6288921263
26,1,1,542399.6176035397
26,1,2,545942.1697669376
26,1,3,553633.6000042679
26,1,4,562155.7139425357
26,1,5,579062.6608472641
26,1,6,578430.5103407862
26,1,7,594085.666446899
26,1,8,596431.4113312726
26,1,9,590304.6024601792
26,1,10,562282.9551935011
26,1,11,514314.41637722595
26,1,12,480768.8313774709
26,1,13,449271.1093322485
26,1,14,424559.606289375
26,2,0,16.922844744677747
26,2,1,68.58942532537905
26,2,2,153.94147237172433
26,2,3,275.1309104699787
26,2,4,432.71441274998125
26,2,5,1443.122196427571
26,2,6,3915.4362879270525
26,2,7,7823.666931127247
26,2,8,12700.677877787988
26,2,9,18169.25213675652
26,2,10,26642.16037929608
26,2,11,38781.51384435073
26,2,12,53980.95052398971
26,2,13,69674.3470114272
26,2,14,85038.93094483143
27,0,0,482923.7385165134
27,0,1,508546.13226834533
27,0,2,523798.7220827321
27,0,3,527654.4617181073
27,0,4,535915.9372592078
27,0,5,545240.982877913
27,0,6,561102.3925550282
27,0,7,563723.8664111425
27,0,8,583656.6276702723
27,0,9,591633.469102785
27,0,10,592777.6448732143
27,0,11,576245.7940997636
27,0,12,550405.9310468787
27,0,13,532914.1722094773
27,0,14,518165.98209331045
27,1,0,498671.27676082717
27,1,1,521963.8133288704
27,1,2,537151.8395307426
27,1,3,541235.8451643318
27,1,4,549137.2475736474
27,1,5,557147.3059913031
27,1,6,572663.6051322524
27,1,7,570963.7424726229
27,1,8,585381.0605881977
27,1,9,586952.8192143469
27,1,10,576945.670995538
27,1,11,544128.8373960246
27,1,12,494735.80021634966
27,1,13,461268.18274740526
27,1,14,431313.8507382426
27,2,0,16.069072574866574
27,2,1,66.47551452674736
27,2,2,152.17347927437453
27,2,3,269.74757022977565
27,2,4,423.4619976645552
27,2,5,1396.391214234393
27,2,6,3914.1824492930955
27,2,7,7613.830753657101
27,2,8,12632.76032215191
27,2,9,18295.440375880386
27,2,10,27568.304571707376
27,2,11,41185.69672547192
27,2,12,55622.114755382805
27,2,13,71608.35774260366
27,2,14,86608.99104762917
28,0,0,471612.6934505084
28,0,1,476494.08141897345
28,0,2,504326.2906218907
28,0,3,519960.16487725783
28,0,4,524010.06091654225
28,0,5,532621.9773199453
28,0,6,542111.153083648
28,0,7,558079.9932745572
28,0,8,560705.4497902105
28,0,9,580686.8502393272
28,0,10,588552.9274073333
28,0,11,590015.2532814946
28,0,12,574325.2090498146
28,0,13,549167.610067306
28,0,14,532404.6213115897
28,1,0,487557.5855800833
28,1,1,490611.2901865447
28,1,2,516562.83965581754
28,1,3,532243.8049413005
28,1,4,536553.7303693983
28,1,5,543983.190948362
28,1,6,550690.1396225733
28,1,7,565059.0860722074
28,1,8,562282.9507773133
28,1,9,575826.3119200926
28,1,10,573458.3480477048
28,1,11,558227.4952736066
28,1,12,523414.0723584596
28,1,13,474628.39856095007
28,1,14,442801.2794905257
28,2,0,16.00058731173977
28,2,1,63.491820277142686
28,2,2,148.26990662185443
28,2,3,268.02780094227415
28,2,4,417.12628441412676
28,2,5,1369.5685449813311
28,2,6,3781.8036721299527
28,2,7,7586.575190329501
28,2,8,12244.972256079594
28,2,9,18133.87273852039
28,2,10,27643.974890008696
28,2,11,42491.017795145184
28,2,12,59009.62136712186
28,2,13,73768.37808298321
28,2,14,89013.00418421355
29,0,0,466164.5098080172
29,0,1,464788.8724255837
29,0,2,471800.2187108496
29,0,3,499880.32928172976
29,0,4,515586.47088768
29,0,5,519990.98047995963
29,0,6,528741.2348043612
29,0,7,538329.7819841955
29,0,8,554255.050394399
29,0,9,556943.1733344571
29,0,10,576759.6053010128
29,0,11,585040.1639540474
29,0,12,587606.1790596554
29,0,13,572814.5029470332
29,0,14,548636.6466178634
29,1,0,482047.37951283884
29,1,1,478814.2048726828
29,1,2,484483.9521742997
29,1,3,510844.3751127682
29,1,4,526634.2324501297
29,1,5,530474.2499164043
29,1,6,536590.9551776506
29,1,7,542238.8051264787
29,1,8,555343.1988753353
29,1,9,551868.9263461006
29,1,10,561359.7643615718
29,1,11,553752.6525192917
29,1,12,536223.3714749344
29,1,13,501703.3909138733
29,1,14,455436.80988827086
29,2,0,16.021297271973957
29,2,1,62.83648923414937
29,2,2,141.02348772353355
29,2,3,260.5456169776313
29,2,4,413.93481074233955
29,2,5,1341.1691785544672
29,2,6,3694.5936942523094
29,2,7,7303.491487316554
29,2,8,12153.77189507144
29,2,9,17502.025051931163
29,2,10,27297.677942793034
29,2,11,42501.81391175968
29,2,12,60830.14258883277
29,2,13,78274.57073658089
29,2,14,91740.23000527304
30,0,0,447299.998149377
30,0,1,459352.6476679968
30,0,2,459933.16778665833
30,0,3,467474.83232773276
30,0,4,495641.7885296983
30,0,5,511677.7441760815
30,0,6,516196.4063747653
30,0,7,525012.8088291748
30,0,8,534526.2336550821
30,0,9,550476.2847844928
30,0,10,552981.6757622644
30,0,11,573202.0458953672
30,0,12,582608.9684970591
30,0,13,586084.1635103415
30,0,14,572257.0783329688
30,1,0,463771.7677148534
30,1,1,473805.103459074
30,1,2,472721.8296829246
30,1,3,478910.0182814794
30,1,4,505323.2697185206
30,1,5,520602.02394069504
30,1,6,523145.0905081321
30,1,7,528208.9109542769
30,1,8,532661.9042844063
30,1,9,544905.2347942004
30,1,10,537640.7741467239
30,1,11,541734.8273570978
30,1,12,531649.1172158702
30,1,13,513808.9757309135
30,1,14,481285.4001957165
30,2,0,15.482464069871394
30,2,1,62.583579668037466
30,2,2,138.79630346410343
30,2,3,246.66393977174815
30,2,4,401.06331869649466
30,2,5,1322.1052928434249
30,2,6,3611.158546219922
30,2,7,7130.956205918546
30,2,8,11691.91283505706
30,2,9,17358.058960244038
30,2,10,26344.88989626194
30,2,11,41986.85151919245
30,2,12,60881.46903822703
30,2,13,80759.85096051509
30,2,14,97415.40343630529
31,0,0,445324.73048489244
31,0,1,442095.7773071767
31,0,2,456072.4396035221
31,0,3,457250.3987743856
31,0,4,465106.06831516646
31,0,5,493656.46222854446
31,0,6,509900.15962087555
31,0,7,514560.0109453395
31,0,8,523403.24241038715
31,0,9,532948.1538871615
31,0,10,548827.290670301
31,0,11,551473.0944969804
31,0,12,572070.1970914727
31,0,13,581769.3159424001
31,0,14,585423.3410473642
31,1,0,461634.7188360374
31,1,1,457968.06723315024
31,1,2,469950.3270435581
31,1,3,469352.0590214822
31,1,4,475823.18089939485
31,1,5,501873.3022201954
31,1,6,516001.97438464547
31,1,7,517591.82108463516
31,1,8,521692.34951021493
31,1,9,525422.5508533547
31,1,10,533777.3028585403
31,1,11,521237.18228977633
31,1,12,521783.9980115714
31,1,13,510364.1381053935
31,1,14,493068.24535528827
31,2,0,15.25888732353303
31,2,1,60.11768657863122
31,2,2,137.64955749331324
31,2,3,241.93282919161277
31,2,4,378.78115596786057
31,2,5,1276.8972140085298
31,2,6,3566.6296474866554
31,2,7,6996.947506594875
31,2,8,11469.92916213796
31,2,9,16777.41766450846
31,2,10,26280.90250527851
31,2,11,40709.38790074115
31,2,12,60306.960688585874
31,2,13,80941.36573762572
31,2,14,100521.5729209452
32,0,0,441309.27626511
32,0,1,441949.9040530442
32,0,2,441209.5745000283
32,0,3,455204.11509528913
32,0,4,456447.5775459082
32,0,5,464549.3866848446
32,0,6,493194.7980366977
32,0,7,509591.6944012691
32,0,8,514392.7531962382
32,0,9,523378.9505931061
32,0,10,532983.3888798879
32,0,11,548847.7944494121
32,0,12,551554.8649641273
32,0,13,572256.2835602815
32,0,14,581741.5401646136
32,1,0,457593.7051887745
32,1,1,457729.69855270913
32,1,2,456611.1391827719
32,1,3,468659.2205732256
32,1,4,468250.3361902804
32,1,5,474416.6069039893
32,1,6,499304.53735003975
32,1,7,512457.2488517302
32,1,8,513306.5205334569
32,1,9,516857.42110513645
32,1,10,517013.48211600346
32,1,11,519634.23293441406
32,1,12,503712.5084912747
32,1,13,502246.3488868733
32,1,14,490663.14073532424
32,2,0,15.07210302001149
32,2,1,59.781229381038585
32,2,2,133.12313160934946
32,2,3,240.90407155657186
32,2,4,372.5267935403405
32,2,5,1210.2558621138708
32,2,6,3460.4122744114225
32,2,7,6943.0222283580115
32,2,8,11308.210064830888
32,2,9,16537.64615875281
32,2,10,25515.810231763127
32,2,11,40738.1091784213
32,2,12,58562.31258657167
32,2,13,80243.8104783019
32,2,14,100786.0077028605
33,0,0,457133.6060015614
33,0,1,438276.0452302797
33,0,2,441368.5097867695
33,0,3,440613.5076284418
33,0,4,454511.14577244694
33,0,5,455954.855413395
33,0,6,464139.6586416738
33,0,7,492918.61362880823
33,0,8,509465.4446175314
33,0,9,514447.49496079056
33,0,10,523510.5512367669
33,0,11,533103.6420203763
33,0,12,549047.3639053616
33,0,13,551918.9239549026
33,0,14,572183.8406421366
33,1,0,474019.0261975942
33,1,1,453871.6702987396
33,1,2,456465.3267432641
33,1,3,455454.8039530309
33,1,4,467592.016340705
33,1,5,466899.8775689267
33,1,6,472025.6732393704
33,1,7,495915.9449166715
33,1,8,508277.53349779325
33,1,9,508671.2415235817
33,1,10,508742.3224660534
33,1,11,503491.977186975
33,1,12,502336.0145656599
33,1,13,485086.0947111682
33,1,14,482887.52926391544
33,2,0,15.865601432498808
33,2,1,59.93810723164535
33,2,2,133.95070738759568
33,2,3,235.1088895578279
33,2,4,373.4179316893396
33,2,5,1201.8194090323734
33,2,6,3300.7373530014897
33,2,7,6767.595819809328
33,2,8,11261.717149580501
33,2,9,16351.524256853218
33,2,10,25189.38843844168
33,2,11,39571.61219316926
33,2,12,58590.55779311943
33,2,13,77879.93872944401
33,2,14,99817.43768941573
34,0,0,482403.3610325705
34,0,1,454432.9079218485
34,0,2,437476.38812761573
34,0,3,440426.6318285843
34,0,4,439602.1291555059
34,0,5,453709.6403932982
34,0,6,455318.35478602
34,0,7,463714.7487424659
34,0,8,492666.8747577254
34,0,9,509410.4311156798
34,0,10,514494.69706949865
34,0,11,523567.91424491233
34,0,12,533247.8885509741
34,0,13,549336.5512839542
34,0,14,551385.3834565636
34,1,0,500372.20767054666
34,1,1,470459.8316934356
34,1,2,452496.35694973764
34,1,3,455085.01428305055
34,1,4,454187.0117480737
34,1,5,466005.25925377355
34,1,6,464341.30821438425
34,1,7,468659.674021341
34,1,8,491703.909615207
34,1,9,503503.92339178524
34,1,10,500512.2873464045
34,1,11,495273.58148453536
34,1,12,486583.5615388984
34,1,13,483576.8761867457
34,1,14,465899.3093452474
34,2,0,17.073540989152523
34,2,1,63.28344741813732
34,2,2,134.86756742630868
34,2,3,237.75101157782538
34,2,4,366.1757895295861
34,2,5,1213.7055092835756
34,2,6,3287.758831549259
34,2,7,6468.864820916383
34,2,8,10999.304628354259
34,2,9,16313.264626987835
34,2,10,24925.63054786176
34,2,11,39081.72118753723
34,2,12,56933.401304733656
34,2,13,77915.95282861742
34,2,14,96779.94354467718
35,0,0,503489.3260631387
35,0,1,478975.3067433474
35,0,2,453659.70114771184
35,0,3,436445.28310388606
35,0,4,439280.54034139635
35,0,5,438735.1054897814
35,0,6,453014.8310843319
35,0,7,454839.2087689437
35,0,8,463397.1381036742
35,0,9,492471.90933343547
35,0,10,509277.9038150348
35,0,11,514371.06556540995
35,0,12,523478.97180465976
35,0,13,533217.0272892653
35,0,14,547873.9877148657
35,1,0,522867.5917763553
35,1,1,496511.7296151912
35,1,2,469181.8635894901
35,1,3,450993.8766169758
35,1,4,453553.80059457995
35,1,5,452364.7314652076
35,1,6,463161.50394478097
35,1,7,460734.98673013446
35,1,8,464375.56641556503
35,1,9,486700.2416167507
35,1,10,494976.3818544192
35,1,11,486796.3572934498
35,1,12,478146.6465268929
35,1,13,467868.01385458047
35,1,14,463401.4469518431
35,2,0,18.477407814457667
35,2,1,68.8876164119239
35,2,2,143.7275945378535
35,2,3,241.2843220782893
35,2,4,373.02823458980555
35,2,5,1195.9648645880545
35,2,6,3325.392813873153
35,2,7,6445.936778914709
35,2,8,10518.46939732842
35,2,9,15942.238301822108
35,2,10,24873.92059703526
35,2,11,38691.05171870324
35,2,12,56265.42456120223
35,2,13,75745.9963350125
35,2,14,96728.37658412919
36,0,0,524983.4168762768
36,0,1,500668.06228946504
36,0,2,478343.4231211006
36,0,3,452871.0672800559
36,0,4,435553.86724167556
36,0,5,438607.73591214133
36,0,6,438216.6477349356
36,0,7,452658.67485098215
36,0,8,454622.79224113736
36,0,9,463299.0151959081
36,0,10,492408.6480822187
36,0,11,509199.06750860333
36,0,12,514318.37067344494
36,0,13,523480.168578259
36,0,14,531160.5954107789
36,1,0,544252.7902777891
36,1,1,519169.54809681093
36,1,2,495457.6413428708
36,1,3,468011.5363945877
36,1,4,449823.43372877897
36,1,5,452001.2758098848
36,1,6,449789.574296779
36,1,7,459667.31452497334
36,1,8,456563.84712699556
36,1,9,459656.70651435514
36,1,10,478370.73123395146
36,1,11,481215.52878402424
36,1,12,469710.807830922
36,1,13,459483.58571643033
36,1,14,447538.6706535798
36,2,0,20.723806971090294
36,2,1,76.83369874255932
36,2,2,160.33966209026147
36,2,3,262.5968232387597
36,2,4,385.6356706339909
36,2,5,1225.0251396014041
36,2,6,3291.007048974078
36,2,7,6540.755461885875
36,2,8,10507.44112893039
36,2,9,15280.362017280378
36,2,10,24363.00743172674
36,2,11,38703.22848083675
36,2,12,55835.395606145874
36,2,13,75020.3801611468
36,2,14,94089.40978070197
37,0,0,535962.2031213313
37,0,1,522050.1706734806
37,0,2,500123.96453898225
37,0,3,477598.14770118974
37,0,4,452039.22380609636
37,0,5,434954.2244252889
37,0,6,438128.0000333841
37,0,7,437899.1285099111
37,0,8,452462.2963006006
37,0,9,454549.92793388886
37,0,10,463274.2335536214
37,0,11,492361.86395229097
37,0,12,509182.4609823773
37,0,13,514375.660278231
37,0,14,520674.48945982364
37,1,0,555973.4419186845
37,1,1,540495.4495180248
37,1,2,518090.8153727409
37,1,3,494273.30723797466
37,1,4,466860.11122671
37,1,5,448312.8518196602
37,1,6,449395.4952340505
37,1,7,446331.74920682015
37,1,8,455407.14003350586
37,1,9,451821.8261131591
37,1,10,451638.1254634724
37,1,11,464796.2779003108
37,1,12,463976.7551357292
37,1,13,451021.7212350324
37,1,14,438474.5085196246
37,2,0,24.359632877142303
37,2,1,90.5525688486234
37,2,2,186.58126526302502
37,2,3,304.21958943858033
37,2,4,434.064296726262
37,2,5,1277.9043692216956
37,2,6,3410.0613928173007
37,2,7,6541.73532733996
37,2,8,10754.354133535364
37,2,9,15373.509451202583
37,2,10,23495.53140935161
37,2,11,38110.6039552305
37,2,12,56105.4359217846
37,2,13,74736.10605885967
37,2,14,93340.85764275712
38,0,0,578043.393987917
38,0,1,532789.4621352018
38,0,2,521114.0403998507
38,0,3,499289.73800654075
38,0,4,476779.45824466844
38,0,5,451490.34506331047
38,0,6,434551.0160458039
38,0,7,437866.3581563932
38,0,8,437757.14928286907
38,0,9,452425.565135658
38,0,10,454556.343639776
38,0,11,463264.7039662623
38,0,12,492371.3785392179
38,0,13,509258.0321726179
38,0,14,510685.4019945179
38,1,0,600059.8120733829
38,1,1,552100.2392637989
38,1,2,538892.5205814386
38,1,3,516677.803838223
38,1,4,493005.02174393245
38,1,5,465222.9076782425
38,1,6,445602.12827434076
38,1,7,445737.86640104355
38,1,8,441946.5553459444
38,1,9,450372.413572727
38,1,10,443530.89694919897
38,1,11,438274.97967476014
38,1,12,447469.017404023
38,1,13,444785.6691390267
38,1,14,428916.5437508306
38,2,0,32.72315235695966
38,2,1,112.96016948216737
38,2,2,231.9249632563345
38,2,3,372.4394623179067
38,2,4,527.4589523981576
38,2,5,1451.2532170646152
38,2,6,3614.266501456054
38,2,7,6894.758672642648
38,2,8,10921.13049853657
38,2,9,15941.127663077978
38,2,10,23891.446378000455
38,2,11,37073.569212669274
38,2,12,55635.50559773395
38,2,13,75534.78866731924
38,2,14,93267.39239292564
39,0,0,552109.2128189157
39,0,1,575317.4128712788
39,0,2,532044.5725315318
39,0,3,520510.43948042137
39,0,4,498725.69393831014
39,0,5,476392.61610036704
39,0,6,451192.92963149043
39,0,7,434368.56377209886
39,0,8,437772.7798712637
39,0,9,437762.4238756173
39,0,10,452450.8735587754
39,0,11,454550.53664941294
39,0,12,463282.9012611847
39,0,13,492450.40994848945
39,0,14,504620.89620095387
39,1,0,573072.8676871681
39,1,1,596459.5027806695
39,1,2,550850.922966138
39,1,3,537780.7474157454
39,1,4,515685.296458117
39,1,5,491392.73852393904
39,1,6,462310.3995324188
39,1,7,441731.6502885689
39,1,8,440992.7817512416
39,1,9,436631.34346402244
39,1,10,441466.39341804414
39,1,11,429528.83165532607
39,1,12,420925.4484516501
39,1,13,427847.1121630709
39,1,14,421063.13093299035
39,2,0,42.06829116478923
39,2,1,161.21570563510375
39,2,2,306.28537385728265
39,2,3,489.81371465026723
39,2,4,682.5804867044027
39,2,5,1760.9716568385293
39,2,6,4159.862379836268
39,2,7,7447.206510146837
39,2,8,11729.021353728765
39,2,9,16472.349423983735
39,2,10,25131.329883363953
39,2,11,38150.407378683114
39,2,12,54666.287756748185
39,2,13,75540.93713512975
39,2,14,94763.5224131421
40,0,0,549699.7076086978
40,0,1,549985.67320943
40,0,2,574665.655362729
40,0,3,531709.7632181272
40,0,4,520185.95375803224
40,0,5,498493.1171960592
40,0,6,476167.9918923317
40,0,7,451071.0813255537
40,0,8,434363.93526786414
40,0,9,437913.041821718
40,0,10,437957.0528307907
40,0,11,452606.8005946636
40,0,12,454783.95541228884
40,0,13,463684.426800343
40,0,14,487208.95829950797
40,1,0,571619.8245108062
40,1,1,570200.6322941378
40,1,2,594859.9809174561
40,1,3,549730.5730154668
40,1,4,536819.5344228194
40,1,5,513908.14770656265
40,1,6,487961.10168472695
40,1,7,457800.2023678065
40,1,8,436482.4308858543
40,1,9,435120.19408248056
40,1,10,427229.1465753632
40,1,11,426357.3933799494
40,1,12,411179.07414328173
40,1,13,401117.9778289066
40,1,14,402727.6845599156
40,2,0,61.040260622169896
40,2,1,220.0758377593466
40,2,2,462.17976423803475
40,2,3,684.5151990866444
40,2,4,950.6287686978367
40,2,5,2259.9054086245255
40,2,6,5137.57947671193
40,2,7,8808.240797312752
40,2,8,13020.411990113833
40,2,9,18152.92000436825
40,2,10,26531.601191067894
40,2,11,40867.586402605615
40,2,12,57151.34993679606
40,2,13,75268.60965395493
40,2,14,95710.29293306053
41,0,0,559237.2758540554
41,0,1,548461.6308578552
41,0,2,549757.5729062496
41,0,3,574450.0909501548
41,0,4,531536.7902798377
41,0,5,520004.81186646246
41,0,6,498286.34410818655
41,0,7,476038.6146625854
41,0,8,451056.0323524754
41,0,9,434501.3487462328
41,0,10,438106.61241054436
41,0,11,438132.4552165854
41,0,12,452857.76972335356
41,0,13,455206.70564783574
41,0,14,457332.0466657073
41,1,0,581398.4702788062
41,1,1,569719.6871224539
41,1,2,569068.958960149
41,1,3,593732.4373652462
41,1,4,548777.4567222046
41,1,5,534583.7128954473
41,1,6,509438.56233522686
41,1,7,481970.3480528917
41,1,8,450944.05865469144
41,1,9,429177.73407476564
41,1,10,423823.4467007681
41,1,11,410154.6783007175
41,1,12,405284.4310578162
41,1,13,388886.5444399655
41,1,14,373567.2992592114
41,2,0,95.50606928680065
41,2,1,333.5470960675737
41,2,2,658.9402632263577
41,2,3,1081.2761888285709
41,2,4,1394.1972859381428
41,2,5,3112.6719442796857
41,2,6,6739.270077452317
41,2,7,11285.564927263942
41,2,8,15991.087550374357
41,2,9,20878.305796260785
41,2,10,30099.128242037692
41,2,11,44240.40927319183
41,2,12,62592.67816710412
41,2,13,80239.46495429237
41,2,14,96708.87420989037
42,0,0,568928.6417062402
42,0,1,557746.8607252229
42,0,2,547771.7712002858
42,0,3,549357.0311327734
42,0,4,574121.8620291356
42,0,5,531309.4924469538
42,0,6,519752.42060685175
42,0,7,498117.99288489093
42,0,8,475986.09538181534
42,0,9,451166.8569498692
42,0,10,434681.67510669614
42,0,11,438264.3279566281
42,0,12,438381.3789208505
42,0,13,453280.81181628036
42,0,14,448013.0812272824
42,1,0,591089.5410049943
42,1,1,578906.7478305872
42,1,2,567738.5529451394
42,1,3,567362.0879686555
42,1,4,592051.4945379845
42,1,5,545488.1502267648
42,1,6,528152.0082168323
42,1,7,500879.41884490754
42,1,8,472143.2946980448
42,1,9,440713.56966197677
42,1,10,414824.583835171
42,1,11,402722.9113497536
42,1,12,385253.32755891973
42,1,13,378403.6332008463
42,1,14,356769.69654203526
42,2,0,155.15252905253635
42,2,1,536.09411292859
42,2,2,1026.5860087208948
42,2,3,1590.5393748646734
42,2,4,2280.0192029159516
42,2,5,4519.513199529904
42,2,6,9483.164577184903
42,2,7,15403.139797739505
42,2,8,21400.21574425567
42,2,9,26759.26720520788
42,2,10,35890.21780246446
42,2,11,51843.8882429375
42,2,12,69819.72999157054
42,2,13,90299.31344077217
42,2,14,105413.7117498308
43,0,0,570838.9233151487
43,0,1,566869.5019498257
43,0,2,556913.9604026832
43,0,3,547423.842557139
43,0,4,549210.5987634615
43,0,5,574015.9856617941
43,0,6,531222.3989491522
43,0,7,519723.7127378166
43,0,8,498179.47604944085
43,0,9,476181.7428853476
43,0,10,451416.66094003356
43,0,11,434912.3543781957
43,0,12,438568.49007515056
43,0,13,438848.8119258956
43,0,14,445239.06803190045
43,1,0,592849.7286897245
43,1,1,587746.4263379325
43,1,2,576345.2395441117
43,1,3,565573.2811905888
43,1,4,565306.7031972389
43,1,5,587027.611775175
43,1,6,536199.0868854063
43,1,7,515541.53643372207
43,1,8,486360.5094542075
43,1,9,456893.91222191433
43,1,10,420523.2186032114
43,1,11,387443.5919118067
43,1,12,370689.0748870018
43,1,13,351944.4014964426
43,1,14,338920.0018788381
43,2,0,248.0616405046467
43,2,1,866.0907864217005
43,2,2,1650.663962183419
43,2,3,2492.6992400465597
43,2,4,3390.6529207043895
43,2,5,7274.185970568451
43,2,6,13925.328654380352
43,2,7,22338.087460716066
43,2,8,30312.290366892634
43,2,9,37245.41837707327
43,2,10,47642.81169689182
43,2,11,63947.34167950815
43,2,12,84567.68339090921
43,2,13,103949.12228710175
43,2,14,121914.29129723627
44,0,0,577458.1361527325
44,0,1,568597.6872118411
44,0,2,565807.361748429
44,0,3,556533.0922378649
44,0,4,547415.6954673079
44,0,5,549400.7440930394
44,0,6,574273.8398678601
44,0,7,531517.2362203595
44,0,8,519994.33316513075
44,0,9,498410.11973938893
44,0,10,476374.3077325346
44,0,11,451603.66904722806
44,0,12,435154.2300551587
44,0,13,438944.28636850684
44,0,14,429832.64292018494
44,1,0,598637.1331466492
44,1,1,589123.5983038564
44,1,2,584493.5408047992
44,1,3,573301.9302607981
44,1,4,562514.6207690393
44,1,5,558068.6548257029
44,1,6,571982.8976452623
44,1,7,517012.7874798696
44,1,8,493133.6083821901
44,1,9,462713.70336203184
44,1,10,426386.9898182677
44,1,11,381353.42064281803
44,1,12,344640.56410502904
44,1,13,326506.0670146296
44,1,14,303266.7571813326
44,2,0,394.0696821439131
44,2,1,1367.6580557257057
44,2,2,2639.00261791682
44,2,3,3977.329850303718
44,2,4,5291.100251901272
44,2,5,10629.497937932827
44,2,6,22427.44921855678
44,2,7,33297.06926566932
44,2,8,44928.252288375814
44,2,9,54118.44060236763
44,2,10,67894.59058319549
44,2,11,86992.31312145523
44,2,12,107070.42969467213
44,2,13,129359.7696782567
44,2,14,143922.07044856108
45,0,0,569738.9684248669
45,0,1,577197.4836667691
45,0,2,569330.629036629
45,0,3,566829.0400740599
45,0,4,557647.3902753071
45,0,5,548534.5080553899
45,0,6,550450.2561191057
45,0,7,575214.044588945
45,0,8,532350.0110970967
45,0,9,520707.15557995194
45,0,10,499036.4961636015
45,0,11,476997.063915949
45,0,12,452376.9267002999
45,0,13,436291.45828704344
45,0,14,430239.9492127353
45,1,0,590593.4565124079
45,1,1,596324.7103005002
45,1,2,586676.5591389048
45,1,3,581476.8492808625
45,1,4,569712.841652445
45,1,5,552381.5059653196
45,1,6,537106.4385347519
45,1,7,541665.9536992414
45,1,8,483818.58150965354
45,1,9,457831.67591004743
45,1,10,418001.7343433032
45,1,11,369836.79518437537
45,1,12,321939.58342583134
45,1,13,287125.1473420254
45,1,14,265871.89608671446
45,2,0,608.5215829871076
45,2,1,2168.2459019100975
45,2,2,4153.366210318624
45,2,3,6330.302781708537
45,2,4,8405.726316606962
45,2,5,16335.937436127431
45,2,6,32486.768223873303
45,2,7,53563.38412043376
45,2,8,67239.87799530901
45,2,9,80887.76753448753
45,2,10,99445.74520207707
45,2,11,125152.7423103817
45,2,12,147462.2094167217
45,2,13,166361.60727072548
45,2,14,182291.76071656562
46,0,0,546792.88180758
46,0,1,562723.6584052294
46,0,2,571969.8479366766
46,0,3,565261.4927327306
46,0,4,563567.1462236039
46,0,5,555022.5981342789
46,0,6,546388.7518021272
46,0,7,548675.9254373104
46,0,8,573719.2673837795
46,0,9,531063.5914858989
46,0,10,519522.0008306496
46,0,11,497812.23706526466
46,0,12,475510.03399025166
46,0,13,450320.654092191
46,0,14,422059.2578764254
46,1,0,566693.264065401
46,1,1,580780.6859218475
46,1,2,586713.9546871848
46,1,3,576893.7837039626
46,1,4,571343.1872038854
46,1,5,550393.3575991532
46,1,6,518331.17996982264
46,1,7,492454.178114648
46,1,8,488183.5788781568
46,1,9,431045.8368424831
46,1,10,391764.29898706614
46,1,11,336474.6188903364
46,1,12,285100.32612432365
46,1,13,241834.1899530843
46,1,14,208384.61383423037
46,2,0,891.5403596760509
46,2,1,3239.8013490132707
46,2,2,6399.937900960671
46,2,3,9706.991015844393
46,2,4,13057.76015122573
46,2,5,24976.675387720454
46,2,6,48133.101676258375
46,2,7,75264.07383649953
46,2,8,105443.2686234211
46,2,9,118610.61652554243
46,2,10,145607.3112323473
46,2,11,179462.9564801022
46,2,12,207847.91279709648
46,2,13,224464.56387620248
46,2,14,228927.1267645715
47,0,0,561319.2248970708
47,0,1,544294.2770367261
47,0,2,561164.2105126253
47,0,3,570950.911086065
47,0,4,564586.7893898092
47,0,5,563115.6755708909
47,0,6,554711.1816004817
47,0,7,546169.6642412173
47,0,8,548516.715534012
47,0,9,573585.0731972626
47,0,10,530936.5949757985
47,0,11,519374.76673607493
47,0,12,497633.4219924136
47,0,13,475283.58369603724
47,0,14,437993.9592092533
47,1,0,581195.7317164983
47,1,1,560595.6804942415
47,1,2,573299.7739876638
47,1,3,577778.7115046118
47,1,4,566776.6396638397
47,1,5,547957.5504730034
47,1,6,506809.8874315058
47,1,7,461922.897545071
47,1,8,428152.4160511825
47,1,9,417411.3219544508
47,1,10,347842.13695262943
47,1,11,289746.3133254818
47,1,12,234013.51550259715
47,1,13,191311.154637259
47,1,14,156441.46151347246
47,2,0,1263.8116655157562
47,2,1,4409.480020873954
47,2,2,8976.534336169041
47,2,3,14124.896249675545
47,2,4,18980.637101585777
47,2,5,35852.08314407325
47,2,6,68132.5902339168
47,2,7,104223.89707708225
47,2,8,139317.99679741566
47,2,9,175992.2245932349
47,2,10,201601.69768122645
47,2,11,247387.2339385296
47,2,12,281643.95085811475
47,2,13,301295.4247443605
47,2,14,297244.4390133812
48,0,0,580752.5675620455
48,0,1,559391.0765235589
48,0,2,543489.953693654
48,0,3,560680.3714307318
48,0,4,570631.6800136921
48,0,5,564372.5913887036
48,0,6,562938.7216833363
48,0,7,554593.5149850755
48,0,8,546117.992192353
48,0,9,548542.4357831696
48,0,10,573633.202665258
48,0,11,530975.3256222856
48,0,12,519428.5305040743
48,0,13,497730.7810425923
48,0,14,462762.0859526038
48,1,0,600995.8588893343
48,1,1,575975.4729327316
48,1,2,555005.2607617709
48,1,3,566578.3237216609
48,1,4,569979.5644751156
48,1,5,548733.9393368744
48,1,6,513975.17341404455
48,1,7,463519.52484334225
48,1,8,414575.8297087245
48,1,9,379524.23257313855
48,1,10,354333.06489342276
48,1,11,276649.5899861024
48,1,12,220195.21826444674
48,1,13,173326.47314866376
48,1,14,137182.02352304483
48,2,0,1029.9418649838758
48,2,1,4107.977096258923
48,2,2,8776.222506152175
48,2,3,14928.270310991289
48,2,4,21446.918657372513
48,2,5,36758.552308322316
48,2,6,69672.13231407347
48,2,7,111360.49753321499
48,2,8,151604.65177328448
48,2,9,188089.3693589693
48,2,10,239248.75641909533
48,2,11,272965.4836827617
48,2,12,317094.61884480197
48,2,13,342513.44618768856
48,2,14,342799.4719464144
49,0,0,590962.9933497241
49,0,1,578403.9490864
49,0,2,558493.1724232543
49,0,3,542984.8916471885
49,0,4,560332.7396849975
49,0,5,570388.3129020534
49,0,6,564184.4213418675
49,0,7,562806.0798822971
49,0,8,554517.9029485554
49,0,9,546108.0554975966
49,0,10,548561.8136242228
49,0,11,573642.0714851064
49,0,12,531008.4241693623
49,0,13,519491.7559943361
49,0,14,483881.9791198516
49,1,0,612309.583782106
49,1,1,596454.323174294
49,1,2,571795.679512313
49,1,3,550521.9825537938
49,1,4,561440.3190182266
49,1,5,557984.3077680098
49,1,6,526223.6616355502
49,1,7,484871.6674750027
49,1,8,431983.6947425734
49,1,9,383329.2515487896
49,1,10,341370.80309491756
49,1,11,305697.75535954745
49,1,12,231862.1508917717
49,1,13,181564.46143104776
49,1,14,138497.0668682145
49,2,0,674.8923113665844
49,2,1,2922.709197481976
49,2,2,6997.67515024351
49,2,3,12489.810243874339
49,2,4,19560.00973270816
49,2,5,33130.0175561664
49,2,6,59071.61868366786
49,2,7,98671.28783020595
49,2,8,142876.40712946668
49,2,9,182925.5086212147
49,2,10,226361.5076740528
49,2,11,287984.9461524843
49,2,12,317856.48087421013
49,2,13,355840.6814208627
49,2,14,363323.63204469363
50,0,0,573500.2123417218
50,0,1,589629.4633996794
50,0,2,577893.5504737105
50,0,3,558266.6700652677
50,0,4,542856.8468577302
50,0,5,560231.5426489098
50,0,6,570287.2362186271
50,0,7,564123.2941816658
50,0,8,562792.8500553941
50,0,9,554571.5599543531
50,0,10,546189.898592683
50,0,11,548639.5931371644
50,0,12,573752.3430091646
50,0,13,531191.4547942427
50,0,14,507101.1650454201
50,1,0,594353.8682495257
50,1,1,608597.5549806732
50,1,2,592377.7931342154
50,1,3,567205.0745403368
50,1,4,545417.8891963855
50,1,5,548799.316416437
50,1,6,533203.7427210631
50,1,7,493909.2376241229
50,1,8,449092.9323096647
50,1,9,396700.23590421036
50,1,10,341653.86861554504
50,1,11,290813.2659099616
50,1,12,252356.3494133506
50,1,13,188072.1113523852
50,1,14,143209.21788261502
50,2,0,702.8342469161037
50,2,1,2751.2112334785697
50,2,2,6144.347423843558
50,2,3,11117.856442898936
50,2,4,17337.812595612846
50,2,5,32064.2420362363
50,2,6,57835.65143603886
50,2,7,91394.37848255923
50,2,8,134536.2998556214
50,2,9,178351.8270232135
50,2,10,224842.90842244204
50,2,11,277156.97003658715
50,2,12,341561.38745308726
50,2,13,361941.6510791607
50,2,14,381721.5257788663
51,0,0,562817.5966183776
51,0,1,570874.9354769506
51,0,2,588384.7908049145
51,0,3,577142.7527155076
51,0,4,557787.4524655894
51,0,5,542540.4453612231
51,0,6,559986.0205101626
51,0,7,570100.8361805215
51,0,8,563980.1804920629
51,0,9,562676.6666106294
51,0,10,554457.3419092888
51,0,11,546062.0491262447
51,0,12,548509.664411285
51,0,13,573612.1252638546
51,0,14,518007.2085993881
51,1,0,582090.4155505187
51,1,1,589216.4618788288
51,1,2,603444.0454988078
51,1,3,586673.7242347018
51,1,4,561031.2108475437
51,1,5,531524.3330195019
51,1,6,521556.2779072995
51,1,7,496731.306413697
51,1,8,453382.9670328288
51,1,9,408321.2413111786
51,1,10,349001.5593020978
51,1,11,285992.459383621
51,1,12,235138.72552868875
51,1,13,200076.90883937242
51,1,14,144853.97749094444
51,2,0,765.7924062813091
51,2,1,2937.979013833614
51,2,2,6400.968510641397
51,2,3,10883.342556649179
51,2,4,16661.88835731955
51,2,5,30822.077254101012
51,2,6,59003.967400915644
51,2,7,94089.91693662002
51,2,8,131766.50305902277
51,2,9,175200.5245208574
51,2,10,225955.73830988738
51,2,11,280396.3220583803
51,2,12,332707.70472212246
51,2,13,393684.2635745603
51,2,14,391746.07594049
52,0,0,552547.9910272403
52,0,1,559998.0753267407
52,0,2,569569.8613907913
52,0,3,587577.5471575202
52,0,4,576652.8042059845
52,0,5,557497.1799061378
52,0,6,542357.8360281751
52,0,7,559849.4225164504
52,0,8,569983.9499645433
52,0,9,563863.1261915592
52,0,10,562539.9785906833
52,0,11,554300.6373681135
52,0,12,545895.6544929683
52,0,13,548343.6766094932
52,0,14,560361.9404403737
52,1,0,571223.3939898212
52,1,1,576603.8390248544
52,1,2,583799.229165793
52,1,3,597134.94023896
52,1,4,579742.0136022351
52,1,5,545659.8604423106
52,1,6,503276.9988673059
52,1,7,483407.21241952927
52,1,8,453164.4806692508
52,1,9,409375.699399242
52,1,10,355959.6644846644
52,1,11,288544.8152752016
52,1,12,227863.4068573273
52,1,13,183455.54892131602
52,1,14,151845.13826134813
52,2,0,821.8915020870182
52,2,1,3156.4667847816745
52,2,2,6794.988216995239
52,2,3,11667.14952237431
52,2,4,17134.332752184484
52,2,5,31594.801621126564
52,2,6,58770.462354032825
52,2,7,96919.0365194699
52,2,8,137456.98032028635
52,2,9,175584.4855120671
52,2,10,227360.35447949052
52,2,11,286199.82119423687
52,2,12,338314.27438321715
52,2,13,384197.0204599789
52,2,14,428451.28804983
